key	class	english	game_object	game_label	en	fr	de	es-ES	es-419	pt-BR	ko	zh-Hans	zh-Hant	notes	confidence	use_label
start_starting	D	Starting Luminescent Platinum…			Starting Luminescent Platinum…	Lancement de Luminescent Platinum…	Luminescent Platinum wird gestartet…	Iniciando Luminescent Platinum…	Iniciando Luminescent Platinum…	Iniciando Luminescent Platinum…	Luminescent Platinum을 시작하는 중…	正在启动 Luminescent Platinum……	正在啟動 Luminescent Platinum……	[m.start.starting] ko particle fixed: Platinum is read 플래티넘 (final ㅁ) -> 을. zh uses the mods' doubled ellipsis ……	high	
start_starting_bd	D	Starting Brilliant Diamond…			Starting Brilliant Diamond…	Lancement de Diamant Étincelant…	Strahlender Diamant wird gestartet…	Iniciando Diamante Brillante…	Iniciando Diamante Brillante…	Iniciando Diamante Brilhante…	브릴리언트 다이아몬드를 시작하는 중…	正在启动晶灿钻石……	正在啟動晶燦鑽石……	[m.start.startingbd] Vanilla Brilliant Diamond 1.3.0 (no Luminescent Platinum romfs), start screen while the companion starts. Game title as in start_starting / the official names (dp_options DP_options_839). ko particle: 다이아몬드 ends in a vowel -> 를. zh uses the doubled ellipsis like start_starting.	high	
start_starting_sp	D	Starting Shining Pearl…			Starting Shining Pearl…	Lancement de Perle Scintillante…	Leuchtende Perle wird gestartet…	Iniciando Perla Reluciente…	Iniciando Perla Reluciente…	Iniciando Pérola Reluzente…	샤이닝 펄을 시작하는 중…	正在启动明亮珍珠……	正在啟動明亮珍珠……	[m.start.startingsp] Vanilla Shining Pearl 1.3.0 startup. Native dp_options DP_options_840 verifies version adjective in all official game languages; pt-BR follows existing translated title style.	high
map_sinnoh	D	Sinnoh			Sinnoh	Sinnoh	Sinnoh	Sinnoh	Sinnoh	Sinnoh	신오지방	神奥地区	神奧地區	[m.map.sinnoh] dp_fld_areaname DP_fld_arenames_234 is 'the Sinnoh region' in en/pt (article, lower case), so not used as a label; ko/zh take the region name from it (신오지방/神奥地区/神奧地區).	high	
map_route_pokemon	D	Route Pokémon			Route Pokémon	Pokémon de la zone	Pokémon im Gebiet	Pokémon de la zona	Pokémon de la zona	Pokémon da área	출현 포켓몬	出现的宝可梦	出現的寶可夢	[m.map.routepkmn] Button that opens the area's encounter list. Longer than English everywhere: the generator bakes text_width('Route Pokémon') into the button (gen_manifest 624).	medium	
map_route	D	Route			Route	Route	Route	Ruta	Ruta	Rota	도로	道路	道路	[m.map.route] Matches the area names (Route 201 / Ruta 201 / 201번도로 / ２０１号道路). pt-BR keeps area names in English ('Route 201'); 'Rota' is the Portuguese word, 'Route' would match the names the player sees. REVIEW pt-BR.	high	
map_town	D	Town			Town	Village	Dorf	Pueblo	Pueblo	Vila	마을	城镇	城鎮	[m.map.town] de/es/ko/zh from town names (Zweiblattdorf, Pueblo Hojaverde, 떡잎마을, 双叶镇). French town names carry no generic word; 'Village' is ours. City is B (DP_options_382).	medium	
map_special	D	Special			Special	Lieu spécial	Besonderer Ort	Lugar especial	Lugar especial	Local especial	특별한 장소	特殊地点	特殊地點	[m.map.special] Legend for the special-place icon (caves, lakes, landmarks). A bare adjective reads badly outside English, so the noun is added; the legend x positions are asserted on English widths (gen_manifest 630-640).	medium	
map_not_visited	D	Not visited			Not visited	Non visité	Nicht besucht	No visitado	No visitado	Não visitado	미방문	未到访	未到訪	[m.map.notvisited] 	medium	
map_not_available	D	The Town Map is not available yet.			The Town Map is not available yet.	La Carte n’est pas encore disponible.	Die Karte ist noch nicht verfügbar.	El Mapa aún no está disponible.	El Mapa aún no está disponible.	O Mapa ainda não está disponível.	타운맵은 아직 사용할 수 없습니다	还不能使用城镇地图。	還不能使用城鎮地圖。	[m.map.na] Item name ITEMNAME_442 in each mod (Carte/Karte/Mapa/타운맵/城镇地图); pt-BR leaves it 'Town Map', so pt uses its menu word MAPA (SS_xmenu_31). ko system messages carry no final period, like the mod.	high	
poketch_apps	D	Apps			Apps	Applications	Apps	Aplicaciones	Aplicaciones	Aplicativos	앱	应用	應用程式	[m.pkt.apps] From the mods' Pokétch guide (dlp_adventure_note 007_01/03).	high	
poketch_theme	D	Theme			Theme	Thème	Design	Tema	Tema	Tema	테마	主题	主題	[m.pkt.theme] Theme button; width baked from English (gen_manifest 755).	medium	
poketch_not_available	D	The Pokétch is not available yet.			The Pokétch is not available yet.	La Pokémontre n’est pas encore disponible.	Der Pokétch ist noch nicht verfügbar.	El Poké Reloj aún no está disponible.	El Poké Reloj aún no está disponible.	O Pokétch ainda não está disponível.	포켓치는 아직 사용할 수 없습니다	还不能使用宝可表。	還不能使用寶可錶。	[m.pkt.na] Device names and genders from the mods: la Pokémontre, der Pokétch, el Poké Reloj, o Pokétch.	high	
bag_in_bag	D	In the Bag ×{n}			In the Bag ×{n}	Dans le Sac ×{n}	Im Beutel ×{n}	En la Bolsa ×{n}	En la Bolsa ×{n}	Na Mochila ×{n}	가방 속 ×{n}	包包里 ×{n}	包包裡 ×{n}	[m.bag.inbag] ×{n} needs no plural form.	high	
bag_open_in_bag	D	Open in Bag			Open in Bag	Ouvrir dans le Sac	Im Beutel öffnen	Abrir en la Bolsa	Abrir en la Bolsa	Abrir na Mochila	가방에서 열기	在包包中打开	在包包中開啟	[m.bag.openinbag] Bag word = msg_ui_btl_01 per mod.	high	
pocket_extra	D	Extra Items			Extra Items	Objets extra	Extratasche	Objetos extra	Objetos extra	Itens Extras	추가 도구	额外道具	額外道具	[x.pocket.extra] LP's 9th pocket; no label in any table. Follows each mod's pocket pattern: de '-tasche' (Medizintasche…), pt Title Case (Outros Itens), ko/zh '도구'/'道具' (Other Items).	medium	
bag_repel_active	D	A Repel is active: {n} steps left.			A Repel is active: {n} steps left.	Un Repousse est actif : encore {n} pas.	Schutz aktiv: noch {n} Schritte.	Repelente activo: quedan {n} pasos.	Repelente activo: quedan {n} pasos.	Repelente ativo: faltam {n} passos.	스프레이 효과 중: 앞으로 {n}걸음	喷雾生效中：还剩{n}步。	噴霧生效中：還剩{n}步。	[x.bag.repel] {n} = repel units × 5, never 1, so only the plural form is given. Repel word as the mods' own Repel text (SS_bag_111): Repousse, Schutz, repelente, Repelente (pt item name itself stays 'Repel'), 스프레이, 喷雾/噴霧.	medium	
bag_battery	D	Battery charge: {n}%			Battery charge: {n}%	Batterie : {n} %	Batterie: {n} %	Batería: {n} %	Batería: {n} %	Bateria: {n}%	전지: {n}%	电池电量：{n}%	電池電量：{n}%	[x.bag.battery] Battery word from the Poké Radar / Vs. Seeker descriptions (ITEMINFO_431/443). fr/de/es put a no-break space before %, pt/ko/zh do not.	medium	
dex_tab_entry	D	Entry			Entry	Fiche	Eintrag	Ficha	Ficha	Registro	설명	说明	說明	[m.dex.tab.entry] Pokédex entry tab (Entry · Weak. · Stats). No game label for 'entry'. REVIEW fr/es/pt/ko/zh word choice.	medium	
tab_weak	D	Weak.			Weak.	Faibl.	Schwächen	Debil.	Debil.	Fraq.	약점	弱点	弱點	[m.dex.tab.weak] Tab label, abbreviation of the language's 'weaknesses' word (Faiblesses/Debilidades/Fraquezas). German has no clean abbreviation, so the full word (9 chars) - check the tab fit. 弱点/약점 as in Weakness Policy (ITEMNAME_639).	medium	
stats	D	Stats			Stats	Stats	Werte	Caract.	Caract.	Atributos	능력치	能力	能力	[m.tab.stats] Used as tab AND section header. fr SS_status_111 'Stats du Pokémon'; de 'Pokémon-Statuswerte' -> Werte; es 'Características' (SS_status_111) abbreviated for the tabs, use the full word if a header-only key is split off; pt-BR's own word 'Habilidades do Pokémon' collides with Habilidade = Ability, so 'Atributos'; ko '능력치를 본다', zh '查看能力'. REVIEW pt-BR.	medium	
moves	D	Moves			Moves	Capacités	Attacken	Movimientos	Movimientos	Golpes	기술	招式	招式	[m.tab.moves] Each mod's word for moves (SS_status_113 / SS_status_80).	high	
weak_to	D	Weak to			Weak to	Faible face à	Schwach gegen	Débil frente a	Débil frente a	Fraco contra	약점	弱点	弱點	[m.weakto] Section header over type pills. fr/es/de/pt follow the mods' tutor line 'Grass is weak to Fire' (dp_scenario1 54-msg_c01r0701_boy2_01_2: faible face au type Feu / débil frente a / schwach gegenüber / fraco contra). ko/zh use the noun 'weakness'.	high	
resists	D	Resists			Resists	Résiste à	Resistent gegen	Resistente a	Resistente a	Resistente a	반감	抗性	抗性	[m.resists] Section header. No game header exists. ko 반감 is in the mod (TOKUSEIINFO_047/085 '데미지를 반감'); zh 抗性 is in the mod's Light Screen/Reflect text. REVIEW ko, zh-Hans, zh-Hant.	medium	
nothing	D	Nothing			Nothing	Aucun	Keine	Ninguno	Ninguno	Nenhum	없음	无	無	[m.nothing] Empty type list (refers to types: masc. in fr/es/pt). NOT SS_fld_dressup_037 (dress-up choice).	high	
abilities	D	Abilities			Abilities	Talents	Fähigkeiten	Habilidades	Habilidades	Habilidades	특성	特性	特性	[m.abilities] Plural of msg_ui_btl_wazainfo_tokusei; ko/zh have no plural. Header backing rect is sized from English (gen_manifest 1030).	high	
dex_not_available	D	The Pokédex is not available yet.			The Pokédex is not available yet.	Le Pokédex n’est pas encore disponible.	Der Pokédex ist noch nicht verfügbar.	La Pokédex aún no está disponible.	La Pokédex aún no está disponible.	A Pokédex ainda não está disponível.	포켓몬 도감은 아직 사용할 수 없습니다	还不能使用宝可梦图鉴。	還不能使用寶可夢圖鑑。	[m.dex.na] Pokédex is feminine in es and pt-BR.	high	
dex_no_data	D	Pokédex data is unavailable.			Pokédex data is unavailable.	Données du Pokédex indisponibles.	Pokédex-Daten nicht verfügbar.	Los datos de la Pokédex no están disponibles.	Los datos de la Pokédex no están disponibles.	Os dados da Pokédex não estão disponíveis.	도감 데이터를 읽을 수 없습니다	无法读取图鉴数据。	無法讀取圖鑑資料。	[x.dex.nodata] 	medium	
dex_empty	D	No Pokémon have been recorded yet.			No Pokémon have been recorded yet.	Aucun Pokémon n’a encore été enregistré.	Es wurden noch keine Pokémon registriert.	Aún no hay ningún Pokémon registrado.	Aún no hay ningún Pokémon registrado.	Nenhum Pokémon foi registrado ainda.	아직 등록된 포켓몬이 없습니다	还没有登录任何宝可梦。	還沒有登錄任何寶可夢。	[x.dex.empty] 	medium	
stat_total	D	Total			Total	Total	Gesamt	Total	Total	Total	합계	合计	合計	[x.stat.total] From 'Total levels' (dp_net_communication 5-msg_dbc_rule08: Gesamtlevel / 레벨 합계 / 合计等级).	high	
hidden_ability	D	{ability} (hidden)			{ability} (hidden)	{ability} (caché)	{ability} (versteckt)	{ability} (oculta)	{ability} (oculta)	{ability} (oculta)	{ability} (숨겨진 특성)	{ability}（隐藏特性）	{ability}（隱藏特性）	[x.hidden] Hidden Ability words from SS_net_mystery_card_16 (talent caché / versteckte Fähigkeit / habilidad oculta / 숨겨진 특성 / 隐藏特性). Agrees with the language's 'ability' noun (masc. fr talent, fem. es/pt habilidad(e)). zh uses full-width brackets. pt-BR card text is English; 'oculta' is ours.	high	
route_subtitle	D	Catchable here · encounter methods and levels			Catchable here · encounter methods and levels	Capturables ici · méthodes de rencontre et niveaux	Hier fangbar · Begegnungsarten und Level	Capturables aquí · métodos de encuentro y niveles	Capturables aquí · métodos de encuentro y niveles	Capturáveis aqui · métodos de encontro e níveis	여기서 잡을 수 있는 포켓몬 · 출현 방법과 레벨	可在此捕捉 · 出现方式与等级	可在此捕捉 · 出現方式與等級	[m.route.sub] de 'Level' as in the mod (Gesamtlevel, Bis zum nächsten Level).	medium	
route_reading	D	Reading encounter data…			Reading encounter data…	Lecture des données de rencontre…	Begegnungsdaten werden gelesen…	Leyendo datos de encuentros…	Leyendo datos de encuentros…	Lendo dados de encontros…	출현 데이터를 읽는 중…	正在读取出现数据……	正在讀取出現資料……	[m.route.reading] 	medium	
route_none	D	No wild Pokémon here			No wild Pokémon here	Aucun Pokémon sauvage ici	Hier gibt es keine wilden Pokémon	Aquí no hay Pokémon salvajes	Aquí no hay Pokémon salvajes	Nenhum Pokémon selvagem aqui	이곳에는 야생 포켓몬이 없습니다	这里没有野生的宝可梦	這裡沒有野生的寶可夢	[m.route.none] 'wild' as in the mods' battle text (sauvage / wild / salvaje / selvagem / 야생 / 野生).	high	
route_none_hint	D	This area has no standard encounter table			This area has no standard encounter table	Cette zone n’a pas de table de rencontres standard	Dieses Gebiet hat keine normale Begegnungstabelle	Esta zona no tiene una tabla de encuentros estándar	Esta zona no tiene una tabla de encuentros estándar	Esta área não tem uma tabela de encontros padrão	이 지역에는 일반 출현 테이블이 없습니다	此区域没有标准的出现列表	此區域沒有標準的出現列表	[m.route.nonehint] 	medium	
route_grass	D	Grass			Grass	Hautes herbes	Hohes Gras	Hierba alta	Hierba alta	Grama alta	풀숲	草丛	草叢	[x.route.grass] Tall grass, from the mods' 'tall grass' lines (hautes herbes / hohes Gras / hierba alta / grama alta / 풀숲 / 草丛). NEVER TYPENAME_012 (the Grass type: Plante/Pflanze/풀/草).	high	
route_grass_day	D	Grass · day			Grass · day	Hautes herbes · jour	Hohes Gras · Tag	Hierba alta · día	Hierba alta · día	Grama alta · dia	풀숲 · 낮	草丛 · 白天	草叢 · 白天	[x.route.grassday] Whole string, not composed, so each language keeps its own case.	high	
route_grass_night	D	Grass · night			Grass · night	Hautes herbes · nuit	Hohes Gras · Nacht	Hierba alta · noche	Hierba alta · noche	Grama alta · noite	풀숲 · 밤	草丛 · 夜晚	草叢 · 夜晚	[x.route.grassnight] 	high	
route_swarm	D	Swarm required			Swarm required	Apparition massive	Massenerscheinen	Aparición masiva	Aparición masiva	Aparição em massa	대량발생 필요	需要大量出现	需要大量出現	[x.route.swarm] Outbreak word from the mods (dp_scenario3 92-msg_hyouka_z08: apparitions massives / massenhaftes Erscheinen / apariciones masivas / 대량발생 / 大量出现). NOT TOKUSEI_068 'Swarm' (the Ability). pt-BR's own text says 'enxames' / 'invasão'; 'aparição em massa' is ours. FIT 2026-10-08 fr: fit: 'requise' dropped (the method line, like 'Hautes herbes'). FIT 2026-10-08 de: fit: 'Nur bei' dropped. FIT 2026-10-08 es-ES: fit: 'Requiere' dropped. FIT 2026-10-08 pt-BR: fit: 'Requer' dropped.	medium	
party_not_included	D	Abilities and items are not included			Abilities and items are not included	Talents et objets non inclus	Ohne Fähigkeiten und Items	No incluye habilidades ni objetos	No incluye habilidades ni objetos	Habilidades e itens não incluídos	특성과 지닌 물건은 포함되지 않습니다	未计入特性和持有物	未計入特性和持有物	[m.party.notincluded] Footnote under the type matchups. ko/zh name held items with the mods' 지닌 물건 / 持有物.	medium	
party_no_types	D	Type data unavailable			Type data unavailable	Données de type indisponibles	Typdaten nicht verfügbar	Datos de tipo no disponibles	Datos de tipo no disponibles	Dados de tipo indisponíveis	타입 데이터를 읽을 수 없습니다	无法读取属性数据	無法讀取屬性資料	[m.party.notypes] 'type' = 타입 / 属性 / 屬性 as in the mods.	medium	
no_held_item	D	No held item			No held item	Aucun objet	Kein Item	Sin objeto	Sin objeto	Sem item	지닌 물건 없음	没有持有物	沒有持有物	[x.noitem] fr/de = ITEMNAME_000 'None' (Aucun objet / Kein Item); es/pt = SS_box_127 (Sin objeto / Sem Item). SS_box_127 is not usable whole: fr 'Sans' alone, ko is a verb (지니고 있지 않다).	high	
healthy	D	Healthy			Healthy	En forme	Gesund	Sano	Sano	Saudável	건강	健康	健康	[x.status.healthy] Condition word next to the status words (which are nouns in fr/es/ko/zh: Sommeil, Sueño, 잠듦, 睡眠). From SS_bag_105 'became healthy' (retrouve la forme / ficou saudável / 건강해졌다 / 变得健康了). REVIEW de/es.	medium	
fainted	D	Fainted			Fainted	K.O.	Besiegt	Debilitado	Debilitado	Desmaiado	기절	濒死	瀕死	[x.status.fainted] From the faint messages (est K.O. / wurde besiegt / se ha debilitado / desmaiou) and the zh-Hant Bag text '瀕死的寶可夢' (SS_box_216). ko 기절 is the standard status name; the mod's message says 쓰러졌다.	high	
field	D	Field			Field	Terrain	Kampffeld	Terreno	Terreno	Campo	전장	战场	戰場	[m.tab.field] Tab + page title (weather, terrain, effects). Must differ from the Terrain header, whose word is fixed by the terrain names: fr Champ…, de …feld, es Campo de…, pt Terreno…, ko …필드, zh …场地. So Field takes the other word in each language. REVIEW de, es, ko, zh-Hans, zh-Hant.	medium	
terrain	D	Terrain			Terrain	Champ	Feld	Campo	Campo	Terreno	필드	场地	場地	[m.terrain] Head noun of every terrain name in the mod (Champ Herbu, Grasfeld, Campo de Hierba, Terreno Gramado, 그래스필드, 青草场地).	high	
weather	D	Weather			Weather	Météo	Wetter	Tiempo	Clima	Clima	날씨	天气	天氣	[m.weather] SS_pokedex_140 'Toggle Weather' (météo / Wetteranzeige / tiempo / 날씨 / 天气). es-419: the Latam mod has the same 'tiempo' but also 'clima' (TOKUSEIINFO_189); 'Clima' is the Latin American word. REVIEW es-419.	high	
effects	D	Effects			Effects	Effets	Effekte	Efectos	Efectos	Efeitos	효과	效果	效果	[m.effects] DLP_underground_580 'Effect' (Effet / Effekt / Efectos / 효과 / 效果).	high	
none_effects	D	None			None	Aucun	Keine	Ninguno	Ninguno	Nenhum	없음	无	無	[m.none] Field page, no field effect (effet m. / Effekte pl.). NOT ITEMNAME_000 'None' (fr 'Aucun objet').	high	
weather_none	D	None			None	Aucune	Keines	Ninguno	Ninguno	Nenhum	없음	无	無	[x.weather.none] Weather value 'none' (météo f., Wetter n., tiempo/clima m.).	high	
terrain_none	D	None			None	Aucun	Keines	Ninguno	Ninguno	Nenhum	없음	无	無	[x.weather.none (Terrain[0])] SPLIT from x.weather.none: the module uses the same 'None' for Weather[0] and Terrain[0] (cpp 2557-2559), but fr agrees with the noun (champ m. -> Aucun, météo f. -> Aucune).	high	
weather_heavy_rain	D	Heavy rain			Heavy rain	Pluie battante	Strömender Regen	Diluvio	Diluvio	Chuva Intensa	강한 비	暴雨	暴雨	[x.weather.heavyrain] From the mods' Primordial Sea messages (BTL_STRID_STD_RainStorm*). pt Title Case like its sibling weather labels (Luz Solar Intensa, Tempestade de Areia).	high	
weather_extreme_sun	D	Extremely harsh sunlight			Extremely harsh sunlight	Soleil ardent	Extremes Sonnenlicht	Sol abrasador	Sol abrasador	Luz Solar Extrema	아주 강한 햇살	大日照	大日照	[x.weather.extremesun] Desolate Land has no message in BDSP, so no mod term. Built on each mod's sun words (Soleil, Sonnenlicht, sol, Luz Solar Intensa, 햇살, 日照) and the later official terms as best known. REVIEW all.	low	
weather_strong_winds	D	Strong winds			Strong winds	Vents mystérieux	Luftströmungen	Turbulencias	Turbulencias	Ventos Fortes	난기류	乱流	亂流	[x.weather.winds] Delta Stream has no message in BDSP. es/ko/zh follow the later official Delta Stream wording as best known (turbulencias / 난기류 / 乱流); fr/de/pt are ours. REVIEW all.	low	
effect_active	D	Active			Active	En cours	Aktiv	Activo	Activo	Ativo	발동 중	生效中	生效中	[x.eff.active] Field effect with no turn count. fr 'En cours' avoids gender agreement with the effect name.	medium	
turn	D	Turn {n}			Turn {n}	Tour {n}	Runde {n}	Turno {n}	Turno {n}	Turno {n}	{n}턴째	第{n}回合	第{n}回合	[x.turn] Turn word from the mods (tours / Runden / turnos / turnos / 턴 / 回合, e.g. BTR_STATE_08_02).	high	
turns_left_one	D	1 turn left			{n} turn left	{n} tour restant	Noch {n} Runde	Queda {n} turno	Queda {n} turno	Falta {n} turno	앞으로 {n}턴	还有{n}回合	還有{n}回合	[x.turnsleft] Plural form 'one'. Choose it when n == 1 (en, de, es); when n <= 1 (fr, pt-BR, CLDR). ko/zh have no plural: both forms are the same. Mirrors msg_ui_btl_watching_02 (Tours restants / Noch … Runden / Quedan … turnos / 앞으로 N턴 / 还有N回合).	high	
turns_left_other	D	{n} turns left			{n} turns left	{n} tours restants	Noch {n} Runden	Quedan {n} turnos	Quedan {n} turnos	Faltam {n} turnos	앞으로 {n}턴	还有{n}回合	還有{n}回合	[x.turnsleft] Plural form 'other'.	high	
status_move	D	Status move			Status move	Capacité de statut	Status-Attacke	Movimiento de estado	Movimiento de estado	Golpe de status	변화 기술	变化招式	變化招式	[x.eff.status] Move category Status (official category names: Statut, Status, Estado, Status, 변화, 变化). NOT msg_ui_btl_05 'Status' (the summary button: de 'Pokémon-Info', es 'Info Pokémon').	medium	
status_short	D	Status			Status	Statut	Status	Estado	Estado	Status	변화	变化	變化	[x.eff.statusshort] Short category label on move chips. Same warning: not msg_ui_btl_05.	medium	
stab	D	STAB			STAB	STAB	STAB	STAB	STAB	STAB	자속	本系	本系	[m.stab] No game term (BDSP never names same-type bonus). Latin-script fan communities use 'STAB'; ko 자속 (자속 보정), zh 本系 (本系加成) are the community words. REVIEW ko, zh-Hans, zh-Hant. Candidate for an icon instead.	low	
description	D	Description			Description	Description	Beschreibung	Descripción	Descripción	Descrição	설명	说明	說明	[m.description] Move description header (기술 설명 / 招式说明 in msg_ui_btl_06).	high	
your_party	D	Your party			Your party	Votre équipe	Dein Team	Tu equipo	Tu equipo	Seu time	우리 편 포켓몬	我方队伍	我方隊伍	[m.yourparty] Battle wording of the mods' side messages (BTL_STRID_STD_Oikaze: votre équipe / deiner Seite / tu equipo / seu time / 우리 편 / 我方). pt-BR uses 'time' in battle, 'Equipe' for the party menu.	medium	
enemy_party	D	Enemy party			Enemy party	Équipe ennemie	Gegnerisches Team	Equipo rival	Equipo rival	Time adversário	상대 포켓몬	对手队伍	對手隊伍	[m.enemyparty] From BTL_STRID_STD_Oikaze_E (l’équipe ennemie / gegnerischen / equipo rival / time adversário / 상대 / 对手).	medium	
speed_tie	D	Speed tie			Speed tie	Vitesse égale	Gleiche Initiative	Misma Velocidad	Misma Velocidad	Velocidade igual	스피드가 같음	速度相同	速度相同	[x.speed.tie] Follows the Speed label (B, msg_ui_btl_subayasa): Vitesse / Initiative / Velocidad / Veloc. / 스피드 / 速度. ko '-음' endings as the mod's 효과가 굉장함.	medium	
speed_you_first	D	You likely move first			You likely move first	Vous agirez sans doute en premier	Du bist wohl zuerst am Zug	Seguramente actúes primero	Seguramente actúes primero	Você provavelmente age primeiro	우리 편이 먼저 행동할 것 같음	我方可能先行动	我方可能先行動	[x.speed.you] Verb from the Trick Room text (WAZAINFO_433 / BTR_STATE_08_02: frappent en priorité / kommen zuerst zum Zug / se mueven primero / agem primeiro / 먼저 행동 / 先行动). Address: vous (fr), du (de), tú (es), você (pt) as each mod. REVIEW ko.	medium	
speed_foe_first	D	The foe likely moves first			The foe likely moves first	L’ennemi agira sans doute en premier	Der Gegner ist wohl zuerst am Zug	Seguramente el rival actúe primero	Seguramente el rival actúe primero	O adversário provavelmente age primeiro	상대가 먼저 행동할 것 같음	对手可能先行动	對手可能先行動	[x.speed.foe] Foe word as the mods' 'The opposing …' lines (ennemi / Gegner / rival / adversário / 상대 / 对手). REVIEW ko.	medium	
bagnote_title	D	The Bag is open on the main screen			The Bag is open on the main screen	Le Sac est ouvert sur l’écran principal	Der Beutel ist auf dem Hauptbildschirm geöffnet	La Bolsa está abierta en la pantalla principal	La Bolsa está abierta en la pantalla principal	A Mochila está aberta na tela principal	메인 화면에 가방이 열려 있습니다	包包已在主画面上打开	包包已在主畫面上開啟	[m.bagnote.title] zh '画面' as in the mod's Pokétch guide (放大／缩小画面).	medium	
bagnote_hint	D	Choose an item there, or press B to close it.			Choose an item there, or press B to close it.	Choisissez-y un objet, ou appuyez sur B pour le fermer.	Wähle dort ein Item oder drücke B, um ihn zu schließen.	Elige allí un objeto o pulsa B para cerrarla.	Elige allí un objeto o pulsa B para cerrarla.	Escolha um item lá ou pressione B para fechá-la.	그곳에서 도구를 고르거나 B 버튼을 눌러 닫으십시오	请在那里选择道具，或按Ｂ键关闭。	請在那裡選擇道具，或按Ｂ鍵關閉。	[m.bagnote.hint] Pronoun agrees with the Bag noun (le Sac m., der Beutel m., la Bolsa f., a Mochila f.). Verbs as the mods: pulsa (es-ES and Latam mod alike), pressione (pt), drücke (de). zh full-width Ｂ like the mod's Ｒ键.	medium	
switch_suggestions	D	Switch suggestions			Switch suggestions	Suggestions de changement	Wechselvorschläge	Sugerencias de cambio	Sugerencias de cambio	Sugestões de troca	교체 추천	替换建议	替換建議	[m.sw.title] Switch verb from msg_ui_btl_yesno_00 (Changer de Pokémon / Pokémon wechseln / Cambiar Pokémon / Trocar Pokémon / 교체한다 / 替换宝可梦).	medium	
switch_none	D	No other Pokémon can battle.			No other Pokémon can battle.	Aucun autre Pokémon ne peut se battre.	Kein anderes Pokémon ist kampffähig.	Ningún otro Pokémon puede luchar.	Ningún otro Pokémon puede luchar.	Nenhum outro Pokémon pode batalhar.	싸울 수 있는 다른 포켓몬이 없습니다	没有其他可以战斗的宝可梦。	沒有其他可以戰鬥的寶可夢。	[m.sw.none] From msg_ui_btl_pokelist_state_01 'Can Battle' (Kampffähig / Puede luchar / Pode Batalhar / 싸울 수 있다 / 可以战斗).	high	
switch_best	D	Best			Best	Meilleur	Top	Mejor	Mejor	Melhor	추천	最佳	最佳	[m.sw.best] Small pill (scale 4). fr is twice the English length; check the pill width.	medium	
switch_vs	D	vs {species} · {species}			vs {foe}	contre {foe}	gegen {foe}	contra {foe}	contra {foe}	contra {foe}	상대: {foe}	对手：{foe}	對手：{foe}	[x.sw.vs] {foe} = the foes' names joined by the module: ' · ' in Latin scripts and ko, '、' in zh.	medium	
switch_immune	D	Immune to {type}			Immune to {type}	Insensible au type {type}	Immun gegen {type}	Inmune a {type}	Inmune a {type}	Imune a {type}	{type}타입 무효	免疫{type}属性	免疫{type}屬性	[x.sw.immune] {type} = ss_typename label. fr 'au type {type}' avoids the article/gender of the type noun (mods write 'de type Sol'). ko '{type}타입' with no space, as the mod (불꽃타입). Immunity words: l’immunise / Immunität / inmunidad / imunidade (TOKUSEIINFO_026).	medium	
switch_resists	D	Resists {type}			Resists {type}	Résiste au type {type}	Resistent gegen {type}	Resistente a {type}	Resistente a {type}	Resistente a {type}	{type}타입 반감	抵抗{type}属性	抵抗{type}屬性	[x.sw.resists] Same base as the 'Resists' header. REVIEW ko, zh.	medium	
switch_super	C	Super effective {move}	ss_btl_app	msg_ui_btl_kouka_00	Super effective {move}	{move} super efficace	Sehr effektiv: {move}	{move} supereficaz	{move} supereficaz	{move} super efetivo	효과가 굉장한 {move}	效果绝佳的{move}	效果絕佳的{move}	[x.sw.super] Label words in the language's order. {move} is a move name, or a type name when the move is unknown (lp_switch.h 214): pt 'super efetivo' agrees with golpe (m.) but a feminine type name (Água, Pedra) would want 'efetiva' - the module should pass the move name whenever it has it.	medium	
switch_faster	D	Faster			Faster	Plus rapide	Schneller	Más rápido	Más rápido	Mais rápido	더 빠름	速度更快	速度更快	[x.sw.faster] Refers to the Pokémon (masc. in fr/es/pt).	high	
switch_weak	D	Weak to {type}			Weak to {type}	Faible face au type {type}	Schwach gegen {type}	Débil frente a {type}	Débil frente a {type}	Fraco contra {type}	{type}타입에 약함	被{type}属性克制	被{type}屬性剋制	[x.sw.weak] Mods' tutor line: 'faible face au type Feu' / 'schwach gegenüber' / 'débil frente a' / 'fraco contra' / '불꽃에 약하다' / zh-Hant '火屬性剋草屬性'. Warning reason: keep the module's leading '!' outside the text.	medium	
switch_low_hp	D	Low HP			Low HP	PV faibles	Wenig KP	Pocos PS	Pocos PS	HP baixo	HP가 적음	HP较低	HP較低	[x.sw.lowhp] HP abbreviation = SS_status_28 per mod (PV / KP / PS / HP).	medium	
switch_even	D	Even matchup			Even matchup	Match équilibré	Ausgeglichen	Duelo igualado	Duelo igualado	Confronto equilibrado	대등한 상성	势均力敌	勢均力敵	[x.sw.even] ko 상성 (type matchup) is in the mod (ITEMINFO_543).	medium	
toast_fly_hint	D	Tap a town on the map, then Fly here.			Tap a town on the map, then Fly here.	Touchez une ville sur la carte, puis Vol.	Tippe auf der Karte auf eine Stadt und dann auf Fliegen.	Toca una ciudad en el mapa y luego Vuelo.	Toca una ciudad en el mapa y luego Vuelo.	Toque em uma cidade no mapa e depois em Voar.	지도에서 마을을 터치한 다음 공중날기를 누르십시오	请在地图上点选城镇，然后点选飞翔。	請在地圖上點選城鎮，然後點選飛翔。	[x.toast.flyhint] Names the 'Fly here' button by its label (fly_here row: DP_townmap_131 Vol / Fliegen / Vuelo / Voar / 공중날기 / 飞翔). Keep the two in sync. ko particle fixed (공중날기 ends in a vowel -> 를).	medium	
toast_cant_open	D	It can't be opened now.			It can't be opened now.	Impossible de l’ouvrir pour le moment.	Das lässt sich jetzt nicht öffnen.	Ahora no se puede abrir.	Ahora no se puede abrir.	Não é possível abrir agora.	지금은 열 수 없습니다	现在无法打开。	現在無法開啟。	[x.toast.cantopen] Patterned on SS_pokedex_182 in de/ko/zh ('Das lässt sich jetzt nicht einsetzen' / 지금은 쓸 수 없습니다 / 现在无法使用).	high	
toast_opening_bag	D	Opening the Bag on the main screen…			Opening the Bag on the main screen…	Ouverture du Sac sur l’écran principal…	Beutel wird auf dem Hauptbildschirm geöffnet…	Abriendo la Bolsa en la pantalla principal…	Abriendo la Bolsa en la pantalla principal…	Abrindo a Mochila na tela principal…	메인 화면에서 가방을 여는 중…	正在主画面上打开包包……	正在主畫面上開啟包包……	[x.toast.openingbag] 	medium	
toast_using	D	Using {item}…			Using {item}…	Utilisation de l’objet {item}…	{item} wird eingesetzt…	Usando {item}…	Usando {item}…	Usando {item}…	{item}{을/를} 사용하는 중…	正在使用{item}……	正在使用{item}……	[x.toast.using] fr 'l’objet {item}' avoids the article, elision (de/d’) and gender of the item name. de verb 'einsetzen' as the mod (Du setzt … ein). ko: module picks 을/를 (README rule).	medium	
toast_used_on	D	Used {item} on {name}.			Used {item} on {who}.	Vous avez utilisé l’objet {item} sur {who}.	{item} bei {who} eingesetzt.	Has usado {item} con {who}.	Has usado {item} con {who}.	Você usou {item} em {who}.	{who}에게 {item}{을/를} 썼다!	对{who}使用了{item}。	對{who}使用了{item}。	[x.toast.usedon] {who} = nickname. es/pt drop the article the mods put before item names ('Has usado {None.None}{item}'); es-419 keeps the Latam mod's own 'Has usado' (it inherits es-ES verbs). ko verb 썼다 as the mod (SS_bag_110). REVIEW es, es-419, pt-BR (article-less item name), ko.	medium	
toast_wait	D	Please wait…			Please wait…	Veuillez patienter…	Bitte warte einen Moment…	Espera un momento…	Espera un momento…	Aguarde…	잠시 기다려 주십시오	请稍等片刻……	請稍候片刻……	[x.toast.wait] The mods' own wait line (SS_xmenu_net_33, dp_net_communication).	high	
popup_give_hp	D	Give HP to which Pokémon?			Give HP to which Pokémon?	À quel Pokémon donner des PV ?	Welchem Pokémon KP abgeben?	¿A qué Pokémon quieres dar PS?	¿A qué Pokémon quieres dar PS?	Para qual Pokémon deseja dar HP?	어느 포켓몬에게 체력을 나눠 줄까?	要把体力分给哪只宝可梦？	要把體力分給哪隻寶可夢？	[x.popup.givehp] Soft-Boiled / Milk Drink target. Question style of the mods' SS_bag_124 (어느 기술을 늘릴까? / 要增加哪个招式的…); ko/zh say 체력/体力 for HP in sentences, as the mods.	medium	
settings_classic_theme	D	Classic Platinum theme			Classic Platinum theme	Thème Platine classique	Klassisches Platin-Design	Tema clásico de Platino	Tema clásico de Platino	Tema clássico de Platina	클래식 플라티나 테마	经典白金主题	經典白金主題	[m.settings.theme] Drawn by the runtime's @settings page, which has no bind: stays English until the runtime gains text_bind there. Platinum = Platine / Platin / Platino / Platina / 플라티나 / 白金.	medium	
nav_map	C	Map	ss_xmenu	SS_xmenu_31	Map	Carte	Karte	Mapa	Mapa	Mapa	타운맵	城镇地图	城鎮地圖	[m.nav.map] Label is upper case in en ('TOWN MAP') and pt-BR ('MAPA'): use the label for fr/de/es/ko/zh, our text for en/pt.	high	fr,de,es-ES,es-419,ko,zh-Hans,zh-Hant
nav_poketch	C	Pokétch	dlp_adventure_note	DLP_adventure_note_007_00	Pokétch	Pokémontre	Pokétch	Poké Reloj	Poké Reloj	Pokétch	포켓치	宝可表	寶可錶	[m.nav.poketch] Trim the leading article of en 'The Pokétch' and pt 'O Pokétch'.	high	fr,de,es-ES,es-419,ko,zh-Hans,zh-Hant
fly_here	C	Fly here	dp_townmap	DP_townmap_131	Fly here	Vol	Fliegen	Vuelo	Vuelo	Voar	공중날기	飞翔	飛翔	[m.flyhere] PROPOSED LABEL CHANGE: the Town Map's own Fly button DP_townmap_131 (trim the leading button-glyph space) in place of WAZANAME_019. Same text except pt-BR, where the move name stays 'Fly' but the map button says 'Voar'. en keeps 'Fly here'.	high	fr,de,es-ES,es-419,pt-BR,ko,zh-Hans,zh-Hant
map_you	C	You	ss_pokedex	SS_pokedex_192	You	Vous	Du	Tú	Tú	Você	주인공	主人公	主角	[m.map.you] Label OK for fr/de/ko/zh. es has a gender slot ('Jugador{None.None}') and pt-BR does not ship common_msbt (English 'Player'), so es/pt are ours.	high	fr,de,ko,zh-Hans,zh-Hant
map_city	C	City	dp_options	DP_options_382	City	Ville	Stadt	Ciudad	Ciudad	Cidade	시티	城市	城市	[m.map.city] Secret-base backdrop list; sense fits (ko place names end in 시티: 축복시티). Use the label as is.	high	en,fr,de,es-ES,es-419,pt-BR,ko,zh-Hans,zh-Hant
bag_no_items	C	No Items	ss_bag	SS_bag_034	No Items	Vide	Leer	Vacío	Vacío	Vazio	비어 있습니다	空空如也	空空如也	[m.bag.noitems] 'Empty' pocket. Sense fits; use the label as is in every mod (ko is a full sentence, fine).	high	fr,de,es-ES,es-419,pt-BR,ko,zh-Hans,zh-Hant
dex_sort	C	Sort	ss_pokedex	SS_pokedex_166	Sort	Trier	Sortieren	Ordenar	Ordenar	Ordenar	순서바꾸기	排序	排序	[m.dex.sort] Trim the leading button-glyph space. pt-BR: ss_pokedex is in common_msbt, which PT-BR does not ship, so the label is English (' Sort'); pt is ours.	high	en,fr,de,es-ES,es-419,ko,zh-Hans,zh-Hant
party_held_item	C	Item	ss_btl_app	msg_ui_btl_wazainfo_item	Item	Objet	Item	Objeto	Objeto	Item	지닌 물건	持有物	持有物	[m.party.item] Label = 'Held Item'; use it as is for every mod (en keeps the shorter 'Item'). FIT 2026-10-08 pt-BR: fit: the mod's 'Item Segurado' does not fit the 90 px caption (en keeps 'Item' too).	high	fr,de,es-ES,es-419,ko,zh-Hans,zh-Hant
tab_move	C	Move	ss_btl_app	msg_ui_btl_06	Move	Capacité	Attacke	Movimiento	Movimiento	Golpe	기술	招式	招式	[m.tab.move] PROPOSED -> D. The label is 'Move Info' and fr 'Description' repeats the Description section header on the same page; es 'Detalles' is vague. Singular of the 'Moves' row. SS_box_044 'Move' means relocate - never use.	high	
toast_repel_active	C	The effect of the previous one is still active.	ss_bag	SS_bag_111	You can’t use that now, because the last Repel you used is still in effect.	Le Repousse précédent est toujours actif !	Das Schutz-Item wirkt noch!	El repelente sigue haciendo efecto. Todavía no puedes usar otro.	El repelente sigue haciendo efecto. Todavía no puedes usar otro.	Não pode usar agora, pois o último Repelente ainda está em efeito.	아직 전에 썼던 스프레이의 효과가 남아 있습니다!	之前使用的喷雾效果还留着！	之前使用的噴霧效果還沒消失！	[x.toast.repelactive] PROPOSED -> B: the label's sense is right in all 8 mods. Use it with '\n' replaced by a space (toast wraps; fits 2 lines at scale 4). The columns show that.	high	en,de,es-ES,es-419,pt-BR,ko,zh-Hans,zh-Hant
toast_repel_used	C	Used {item}. Wild Pokémon will be repelled.	ss_bag	SS_bag_110	Used {item}. Wild Pokémon will be repelled.	Vous avez utilisé l’objet {item}. Les Pokémon sauvages seront repoussés.	{item} eingesetzt. Wilde Pokémon werden ferngehalten.	Has usado {item}. Los Pokémon salvajes no se acercarán.	Has usado {item}. Los Pokémon salvajes no se acercarán.	Você usou {item}. Pokémon selvagens serão repelidos.	{item}{을/를} 썼다! 야생 포켓몬이 나오지 않게 된다	使用了{item}。野生宝可梦将不会出现。	使用了{item}。野生寶可夢將不會出現。	[x.toast.repelused] SS_bag_110 has {None.None} article slots (and fr/de use other tags), so it is not filled; whole template here. Second sentence from the Repel description (ITEMINFO_079). REVIEW es/pt (article-less item), ko. FIT 2026-10-08 es-ES: fit: shorter second sentence (3 lines in the Bag toast with Repelente Máximo).	medium	
toast_cant_now	C	It can't be used now.	dp_options	DP_options_602	It can't be used now.	Impossible de l’utiliser pour le moment.	Das lässt sich jetzt nicht einsetzen.	Ahora no se puede usar.	Ahora no se puede usar.	Não é possível usar isso agora.	지금은 쓸 수 없습니다	现在无法使用。	現在無法使用。	[x.toast.cantnow] PROPOSED -> D. DP_options_602 says 'here', not 'now'. SS_pokedex_182 says 'now' in fr/de/ko/zh but 'can't fly there yet' in en/es and is English in pt-BR, so it is not usable either; de/ko/zh text equals SS_pokedex_182.	high	
toast_revived	C	All fainted Pokémon were revived!	ss_bag	SS_bag_099	All fainted Pokémon were revived!	Tous les Pokémon K.O. ont été ranimés !	Alle besiegten Pokémon haben sich wieder erholt!	¡Todos los Pokémon debilitados se han recuperado!	¡Todos los Pokémon debilitados se han recuperado!	Todos os Pokémon desmaiados foram revividos!	기절한 포켓몬 모두가 기력을 회복했다!	所有濒死的宝可梦都恢复了活力！	所有瀕死的寶可夢都恢復了活力！	[x.toast.revived] Sacred Ash. The label is per Pokémon ({1.2} n’est plus K.O. / hat sich wieder erholt / ya no está debilitado / 기력을 회복했다 / 恢复了活力); this is the 'all' form in the same words.	high	
toast_recovered	C	{name} recovered {n} HP.	ss_bag	SS_bag_098	{who} recovered {n} HP.	{who} récupère {n} PV.	{who} hat {n} KP zurückerhalten.	{who} ha recuperado {n} PS.	{who} ha recuperado {n} PS.	{who} recuperou {n} HP.	{who}의 체력이 {n} 회복되었다!	{who}的体力回复了{n}！	{who}的體力回復了{n}！	[x.toast.recovered] fr/es/ko/zh equal the mod label with tags renamed ({1.2}->{who}, {2.2}->{n}); en/de/pt labels carry a {None.None} 'point(s)' slot, so ours. The HP unit is invariant (PV/KP/PS/HP): no plural form. ko 의 is invariant (no particle choice).	high	
toast_used	C	Used {item}.	ss_bag	SS_bag_110	Used {item}.	Vous avez utilisé l’objet {item}.	{item} eingesetzt.	Has usado {item}.	Has usado {item}.	Você usou {item}.	{item}{을/를} 썼다!	使用了{item}。	使用了{item}。	[x.toast.usedx] Label has article slots; see toast_repel_used. REVIEW es/pt (article-less item), ko.	medium	
popup_pp_up	C	Raise the PP of which move?	ss_bag	SS_bag_124	Raise the PP of which move?	De quelle capacité voulez-vous augmenter les PP ?	AP welcher Attacke anheben?	¿De qué movimiento quieres aumentar los PP?	¿De qué movimiento quieres aumentar los PP?	Qual PP de golpe deseja aumentar?	어느 기술을 늘릴까?	要增加哪个招式的ＰＰ？	要增加哪個招式的ＰＰ？	[x.popup.ppup] PROPOSED -> B: sense right in all mods; use the label with '\n' -> space.	high	de,es-ES,es-419,pt-BR,ko,zh-Hans,zh-Hant
popup_pp_restore	C	Restore PP to which move?	ss_bag	SS_bag_123	Restore PP to which move?	De quelle capacité voulez-vous restaurer les PP ?	Welche Attacke soll aufgefüllt werden?	¿Qué movimiento quieres restaurar?	¿Qué movimiento quieres restaurar?	Qual PP de golpe deseja restaurar?	어느 기술을 회복할까?	要回复哪个招式？	要回復哪個招式的ＰＰ？	[x.popup.pprestore] PROPOSED -> B: sense right in all mods; use the label as is.	high	de,es-ES,es-419,pt-BR,ko,zh-Hans,zh-Hant
popup_use_on	C	Use {item} on which Pokémon?	ss_bag	SS_bag_035	Use {item} on which Pokémon?	Sur quel Pokémon utiliser l’objet {item} ?	Auf welches Pokémon {item} anwenden?	¿Con qué Pokémon quieres usar {item}?	¿Con qué Pokémon quieres usar {item}?	Em qual Pokémon deseja usar {item}?	{item}{을/를} 어느 포켓몬에게 사용하겠습니까?	要对哪只宝可梦使用{item}？	要對哪隻寶可夢使用{item}？	[x.popup.useon] Built on SS_bag_035 (Sur quel Pokémon… / Auf welches Pokémon anwenden? / ¿Con qué Pokémon… / Em qual Pokémon… / 어느 포켓몬에게 사용하겠습니까? / 要用于哪只宝可梦？). Fallback without the item name: the label as is.	high	
status_confused	C	Confused	ss_btl_state	BTR_STATE_12_01	Confused	Confusion	Verwirrt	Confusión	Confusión	Confuso	혼란	混乱	混亂	[x.status.confused] Label (noun) fits fr/es/ko/zh, whose other status words are nouns too (Sommeil, Sueño, 잠듦, 睡眠). de and pt-BR status words are adjectives (Vergiftet, Paralysiert / Envenenado, Paralisado), so Verwirrt / Confuso.	high	fr,es-ES,es-419,ko,zh-Hans,zh-Hant
route_level_range	C	Lv. {min}–{max}	ss_btl_pokelist	msg_ui_btl_pokelist_lv	Lv. {min}–{max}	N. {min}–{max}	Lv. {min}–{max}	Nv. {min}–{max}	Nv. {min}–{max}	Nv. {min}–{max}	Lv.{min}–{max}	Lv.{min}–{max}	Lv.{min}–{max}	[x.route.lv] Level prefix and spacing as the label ('N. {2.2}', 'Lv.{2.2}' with no space in ko/zh). When min == max, fill the label itself.	high	
evasion	C	Evasion	ss_btl_app	msg_ui_btl_kaihi	Evasion	Esquive	Ausweichwert	Evasión	Evasión	Evasão	회피	闪避	閃避	[x.accev] AccEvLine 'Accuracy {+n}   Evasion {+n}' is composed from 2 labels: Accuracy = msg_ui_btl_meichu (B), Evasion = msg_ui_btl_kaihi ('Evasiveness' in en only). No template needed.	high	fr,de,es-ES,es-419,pt-BR,ko,zh-Hans,zh-Hant
bag_bp	C	Battle Points: {n} BP	ss_bag	SS_bag_355	Battle Points: {n} BP	Points de Combat : {n} PCo	Gewinnpunkte: {n} GP	Puntos de Batalla: {n} PB	Puntos de Batalla: {n} PB	Pontos de Batalha: {n} BP	배틀포인트: {n}BP	对战点数：{n}ＢＰ	對戰點數：{n}ＢＰ	[x.bag.bp] Words and unit from the label (PCo / GP / PB / BP / ＢＰ). The label has no {None.None} but splits over 2 lines and fr loses the colon there, so the template is ours.	high	
dex_sort_number	C	No.	ss_pokedex	SS_pokedex_086	No.	Nº	Nr.	N.º	N.º	Nº	번호순	按编号	按編號	[x.dex.sort.no] Latin scripts: the number abbreviation of SS_pokedex_131 / SS_status_09 (Nº, Nr., N.º); ko/zh: the sort label itself (short). pt-BR ss_pokedex is English.	high	ko,zh-Hans,zh-Hant
dex_sort_az	C	A–Z	ss_pokedex	SS_pokedex_087	A–Z	A–Z	A–Z	A–Z	A–Z	A–Z	가나다순	按拼音	按筆畫	[x.dex.sort.az] Label is 'Par ordre alphabétique' in fr (too long). ko: Hangul code-point order IS 가나다 order, so the current byte sort is right. zh: the labels promise pinyin / stroke order but the module sorts by code point - keep these labels only if the game's order is used, else drop the A–Z sort for zh. Latin: accents sort after z with std::sort; needs a fold. REVIEW zh-Hans, zh-Hant.	medium	ko,zh-Hans,zh-Hant
dex_sort_caught	C	Obtained	ss_pokedex	SS_pokedex_130	Obtained	Capturés	Gefangen	Capturados	Capturados	Capturados	잡았다	已捉到	已捉到	[x.dex.sort.obtained] Sort label. Trim the fr ' :' ('Capturés :'). pt-BR label is English ('Caught').	high	fr,de,es-ES,es-419,ko,zh-Hans,zh-Hant
dex_state_caught	C	Obtained	ss_pokedex	SS_pokedex_130	Obtained	Capturé	Gefangen	Capturado	Capturado	Capturado	잡았다	已捉到	已捉到	[x.dex.state.obtained] SPLIT from the sort label: state of ONE species, so singular in fr/es/pt (label is plural 'Capturés :').	high	de,ko,zh-Hans,zh-Hant
route_radar_required	C	Poké Radar required	ss_itemname	ITEMNAME_431	{item} required	{item} requis	Nur mit {item}	Requiere {item}	Requiere {item}	Requer {item}	{item} 필요	需要{item}	需要{item}	[x.route.radar] {item} = ITEMNAME_431 (Poké Radar / Pokéradar / 포켓트레 / 宝可追踪). fr 'requis' agrees with Poké Radar (m.).	high	
level_prefix	B	Lv.	ss_btl_app	msg_ui_raidbtl_lv_00	Lv.	N.	Lv.	Nv.	Nv.	Nv.	Lv.	Lv.	Lv.	[m.lv] B kept; trim: de and es/es-419 labels end in a space ('Lv. ', 'Nv. ').	high	en,fr,de,es-ES,es-419,pt-BR,ko,zh-Hans,zh-Hant
dex_national	B	National Pokédex	ss_pokedex	SS_pokedex_184	National Pokédex	Pokédex national	Nationaler Pokédex	Pokédex Nacional	Pokédex Nacional	Pokédex Nacional	전국도감	全国图鉴	全國圖鑑	[m.dex.national] B kept, pt-BR override: ss_pokedex is in common_msbt, which PT-BR does not ship (label stays 'National Pokédex'). Same pt-BR gap for every ss_pokedex label.	high	en,fr,de,es-ES,es-419,ko,zh-Hans,zh-Hant
dex_state_seen	B	Seen	ss_pokedex	SS_pokedex_128	Seen	Vu	Gesehen	Avistado	Avistado	Visto	발견했다	已找到	已發現	[x.dex.state.seen] B -> C: the label is a plural counter heading ('Vus :', 'Avistados'); the state of one species is singular. pt-BR label is English.	high	en,de,ko,zh-Hans,zh-Hant
toast_cant_use_here	B	It can't be used here.	dp_options	DP_options_602	It can't be used here.	Vous ne pouvez pas faire ça ici.	Das lässt sich hier nicht einsetzen.	Aquí no puedes usar eso.	Aquí no puedes usar eso.	Você não pode usar isso aqui.	여기서는 쓸 수 없습니다	无法在这里使用。	無法在這裡使用。	[x.toast.here] B -> per-language label: fr DP_options_602 says 'cette capacité' (this MOVE), wrong when an item is refused; fr uses SS_pokedex_181 ('faire ça ici'). Every other mod: DP_options_602 (pt-BR must not use SS_pokedex_181: English).	high	de,es-ES,es-419,pt-BR,ko,zh-Hans,zh-Hant
ppup_toast	B	{move}'s PP increased.	ss_bag	SS_bag_125	{move}’s PP increased.	Les PP de la capacité {move} augmentent.	AP von {move} wurden angehoben!	Los PP de {move} han aumentado.	Los PP de {move} han aumentado.	{move} teve o PP aumentado.	{move}의 PP가 늘었다!	{move}的ＰＰ增加了！	{move}的ＰＰ增加了！	[x.toast.ppup] B kept (safe tag fill): {1.7} -> move name, '\n' -> space. Shown filled for reference. ko 의 invariant.	high	
speed_trick_room	B	 (Trick Room)	ss_btl_state	BTR_STATE_08_01	 ({effect})	 ({effect})	 ({effect})	 ({effect})	 ({effect})	 ({effect})	 ({effect})	（{effect}）	（{effect}）	[x.speed.trickroom] B kept. Suffix template around the label (Distorsion / Bizarroraum / Espacio Raro / Trick Room / 트릭룸 / 戏法空间); zh full-width brackets with no leading space.	high	
dex_tab_evo	D	Evolution			Evolution	Évolution	Entwicklung	Evolución	Evolución	Evolução	진화	进化	進化	[dex.tab.evo] Pokédex tab. The games' own word for evolving (evolution messages: évolue / entwickelt / evoluciona / 진화 / 进化 / 進化). German 11 chars: the tab fits it at 4.	high	
dex_area	D	Area			Area	Zone	Gebiet	Área	Área	Área	분포	分布	分佈	[dex.tab.area] Where the species lives (owner: the DS Platinum Pokédex's AREA button; one key, so it can be renamed to Route here). No BDSP label reads 'Area'. fr/de/es as the DS Pokédex (ZONE / GEBIET / ÁREA); ko/zh the BDSP Pokédex's own habitat word (SS_pokedex_021 분포 / 分布 / 分佈). REVIEW pt-BR.	medium	
dex_height	C	Height	ss_pokedex	SS_pokedex_027	Height	Taille	Größe	Altura	Altura	Altura	키	身高	身高	[dex.height] The Pokédex's own label (SS_pokedex_027). pt-BR ships no common_msbt (label English), so pt is ours.	high	en,fr,de,es-ES,es-419,ko,zh-Hans,zh-Hant
dex_weight	C	Weight	ss_pokedex	SS_pokedex_028	Weight	Poids	Gewicht	Peso	Peso	Peso	몸무게	体重	體重	[dex.weight] SS_pokedex_028; pt as dex_height.	high	en,fr,de,es-ES,es-419,ko,zh-Hans,zh-Hant
dex_genderless	C	Genderless	ss_box	SS_box_124	Genderless	Asexué	Geschlechtslos	Sin género	Sin género	Sem gênero	성별 없음	无性别	無性別	[dex.genderless] The Box search's option SS_box_124 reads 'Unknown' / '?' / 'Unbekannt' (a search value, not a description), so ours; ko and zh-Hant match that label. REVIEW zh-Hans (label 性别无).	medium	ko,zh-Hant
dex_forms	D	Forms			Forms	Formes	Formen	Formas	Formas	Formas	폼	形态	形態	[dex.forms] Section header over the alternate forms. The form names use Forme / -Form / Forma / 폼 / 形态 / 形態 (ss_zkn_form).	medium	
dex_training	D	Training			Training	Entraînement	Training	Entrenamiento	Entrenamiento	Treinamento	육성	培养	培養	[dex.training] Section header (EV yield, catch rate, friendship, base Exp., growth rate). REVIEW ko, zh.	medium	
dex_breeding	D	Breeding			Breeding	Reproduction	Zucht	Crianza	Crianza	Reprodução	교배	生蛋	生蛋	[dex.breeding] Section header (Egg Groups, hatch steps). REVIEW ko, zh.	low	
dex_ev_yield	D	EV yield			EV yield	EV donnés	FP-Ertrag	EV otorgados	EV otorgados	EVs concedidos	노력치	努力值	努力值	[dex.ev] Effort values the species gives when defeated. de calls them Fleißpunkte (FP). REVIEW all.	low	
dex_catch_rate	D	Catch rate			Catch rate	Taux de capture	Fangrate	Ratio de captura	Índice de captura	Taxa de captura	포획률	捕获率	捕獲率	[dex.catch] PersonalTable get_rate (0-255).	medium	
dex_friendship	D	Base friendship			Base friendship	Amitié de base	Basis-Freundschaft	Amistad base	Amistad base	Amizade base	기본 친밀도	初始亲密度	初始親密度	[dex.friendship] PersonalTable initial_friendship. Friendship words as the mods' Friendship Checker (amitié / Freundschaft / amistad / amizade / 친밀도 / 亲密度).	medium	
dex_base_exp	D	Base Exp.			Base Exp.	Exp. de base	Basis-EP	Exp. base	Exp. base	Exp. base	기초 경험치	基础经验值	基礎經驗值	[dex.baseexp] PersonalTable give_exp. Exp. abbreviations as the mods' Exp. Points / Erf.-Punkte (de EP).	medium	
dex_growth	D	Growth rate			Growth rate	Croissance	Wachstum	Crecimiento	Crecimiento	Crescimento	성장 속도	经验值类型	經驗值類型	[dex.growth] PersonalTable grow (experience curve). REVIEW all.	low	
dex_egg_groups	D	Egg Groups			Egg Groups	Groupes Œuf	Ei-Gruppen	Grupos Huevo	Grupos Huevo	Grupos de Ovos	알그룹	蛋群	蛋群	[dex.egg] PersonalTable egg_group1/2.	medium	
dex_hatch	D	Hatch			Hatch	Éclosion	Schlüpfen	Eclosión	Eclosión	Eclosão	부화	孵化	孵化	[dex.hatch] Row label before the steps an Egg takes to hatch.	high	
dex_steps	D	{n} steps			{n} steps	{n} pas	{n} Schritte	{n} pasos	{n} pasos	{n} passos	{n}걸음	{n}步	{n}步	[dex.steps] {n} = egg cycles x 256 (always more than one: no singular). Digits grouped by the module (5,120 / 5 120 / 5.120).	high	
growth_medium_fast	D	Medium Fast			Medium Fast	Moyenne	Mittelschnell	Medio rápido	Medio rápido	Médio-rápido	보통	较快	較快	[dex.growth.*] Experience curve names as the community dexes use them (zh as 52poke). REVIEW ko.	low	
growth_erratic	D	Erratic			Erratic	Erratique	Unregelmäßig	Errático	Errático	Errático	불규칙	最快	最快	[dex.growth.*] Experience curve names as the community dexes use them (zh as 52poke). REVIEW ko.	low	
growth_fluctuating	D	Fluctuating			Fluctuating	Fluctuante	Schwankend	Fluctuante	Fluctuante	Flutuante	변동	最慢	最慢	[dex.growth.*] Experience curve names as the community dexes use them (zh as 52poke). REVIEW ko.	low	
growth_medium_slow	D	Medium Slow			Medium Slow	Parabolique	Mittellangsam	Medio lento	Medio lento	Médio-lento	약간 느림	较慢	較慢	[dex.growth.*] Experience curve names as the community dexes use them (zh as 52poke). REVIEW ko.	low	
growth_fast	D	Fast			Fast	Rapide	Schnell	Rápido	Rápido	Rápido	빠름	快	快	[dex.growth.*] Experience curve names as the community dexes use them (zh as 52poke). REVIEW ko.	low	
growth_slow	D	Slow			Slow	Lente	Langsam	Lento	Lento	Lento	느림	慢	慢	[dex.growth.*] Experience curve names as the community dexes use them (zh as 52poke). REVIEW ko.	low	
egg_monster	D	Monster			Monster	Monstre	Monster	Monstruo	Monstruo	Monstro	괴수	怪兽	怪獸	[dex.egg.*] Egg Group names as the community dexes use them; group 13 is the species name Ditto (MONSNAME_132). REVIEW fr, ko.	medium	
egg_water1	D	Water 1			Water 1	Aquatique 1	Wasser 1	Agua 1	Agua 1	Água 1	수중1	水中1	水中1	[dex.egg.*] Egg Group names as the community dexes use them; group 13 is the species name Ditto (MONSNAME_132). REVIEW fr, ko.	medium	
egg_bug	D	Bug			Bug	Insectoïde	Käfer	Bicho	Bicho	Inseto	벌레	虫	蟲	[dex.egg.*] Egg Group names as the community dexes use them; group 13 is the species name Ditto (MONSNAME_132). REVIEW fr, ko.	medium	
egg_flying	D	Flying			Flying	Aérien	Flug	Volador	Volador	Voador	비행	飞行	飛行	[dex.egg.*] Egg Group names as the community dexes use them; group 13 is the species name Ditto (MONSNAME_132). REVIEW fr, ko.	medium	
egg_field	D	Field			Field	Terrestre	Feld	Campo	Campo	Campo	육상	陆上	陸上	[dex.egg.*] Egg Group names as the community dexes use them; group 13 is the species name Ditto (MONSNAME_132). REVIEW fr, ko.	medium	
egg_fairy	D	Fairy			Fairy	Féerique	Fee	Hada	Hada	Fada	요정	妖精	妖精	[dex.egg.*] Egg Group names as the community dexes use them; group 13 is the species name Ditto (MONSNAME_132). REVIEW fr, ko.	medium	
egg_grass	D	Grass			Grass	Végétal	Pflanze	Planta	Planta	Planta	식물	植物	植物	[dex.egg.*] Egg Group names as the community dexes use them; group 13 is the species name Ditto (MONSNAME_132). REVIEW fr, ko.	medium	
egg_human_like	D	Human-Like			Human-Like	Humanoïde	Humanotyp	Humanoide	Humanoide	Humanoide	인간형	人型	人形	[dex.egg.*] Egg Group names as the community dexes use them; group 13 is the species name Ditto (MONSNAME_132). REVIEW fr, ko.	medium	
egg_water3	D	Water 3			Water 3	Aquatique 3	Wasser 3	Agua 3	Agua 3	Água 3	수중3	水中3	水中3	[dex.egg.*] Egg Group names as the community dexes use them; group 13 is the species name Ditto (MONSNAME_132). REVIEW fr, ko.	medium	
egg_mineral	D	Mineral			Mineral	Minéral	Mineral	Mineral	Mineral	Mineral	광물	矿物	礦物	[dex.egg.*] Egg Group names as the community dexes use them; group 13 is the species name Ditto (MONSNAME_132). REVIEW fr, ko.	medium	
egg_amorphous	D	Amorphous			Amorphous	Amorphe	Amorph	Amorfo	Amorfo	Amorfo	부정형	不定形	不定形	[dex.egg.*] Egg Group names as the community dexes use them; group 13 is the species name Ditto (MONSNAME_132). REVIEW fr, ko.	medium	
egg_water2	D	Water 2			Water 2	Aquatique 2	Wasser 2	Agua 2	Agua 2	Água 2	수중2	水中2	水中2	[dex.egg.*] Egg Group names as the community dexes use them; group 13 is the species name Ditto (MONSNAME_132). REVIEW fr, ko.	medium	
egg_dragon	D	Dragon			Dragon	Draconique	Drache	Dragón	Dragón	Dragão	드래곤	龙	龍	[dex.egg.*] Egg Group names as the community dexes use them; group 13 is the species name Ditto (MONSNAME_132). REVIEW fr, ko.	medium	
egg_undiscovered	D	Undiscovered			Undiscovered	Inconnu	Unbekannt	Desconocido	Desconocido	Desconhecido	미발견	未发现	未發現	[dex.egg.*] Egg Group names as the community dexes use them; group 13 is the species name Ditto (MONSNAME_132). REVIEW fr, ko.	medium	
evo_none	D	Does not evolve			Does not evolve	N’évolue pas	Entwickelt sich nicht	No evoluciona	No evoluciona	Não evolui	진화하지 않음	不会进化	不會進化	[dex.evo.none] Evolution tab note for a species with no evolutions. ko ends without a period like the mod's system lines.	high	
evo_level_up	D	Level up			Level up	Monter de niveau	Level-Aufstieg	Subir de nivel	Subir de nivel	Subir de nível	레벨업	升级	升級	[dex.evo.levelup] Condition part: a level-up with no minimum level (friendship, held item, a place...).	medium	
evo_friendship	D	High friendship			High friendship	Grande amitié	Hohe Freundschaft	Mucha amistad	Mucha amistad	Muita amizade	친밀도가 높음	亲密度高	親密度高	[dex.evo.friendship] Condition part. Friendship words as dex_friendship.	medium	
evo_day	D	Day			Day	Jour	Tag	Día	Día	Dia	낮	白天	白天	[dex.evo.day] Condition part (route_grass_day's word, capitalised: it starts a part).	high	
evo_night	D	Night			Night	Nuit	Nacht	Noche	Noche	Noite	밤	夜晚	夜晚	[dex.evo.night] As evo_day (route_grass_night).	high	
evo_dusk	D	Dusk			Dusk	Crépuscule	Abenddämmerung	Atardecer	Atardecer	Crepúsculo	황혼	黄昏	黃昏	[dex.evo.dusk] Condition part (LP: Rockruff with Own Tempo into Dusk Lycanroc). ko/zh as the Dusk Form names.	medium	
evo_hold	D	Holding {item}			Holding {item}	Tient l’objet {item}	Trägt {item}	Lleva {item}	Lleva {item}	Segurando {item}	{item}{을/를} 지닌 상태	携带{item}	攜帶{item}	[dex.evo.hold] Condition part: a held item (Oval Stone, Razor Claw...). fr 'l’objet {item}' needs no article (§8.2).	medium	
evo_knows	D	Knows {move}			Knows {move}	Connaît {move}	Kennt {move}	Conoce {move}	Conoce {move}	Conhece {move}	{move}{을/를} 배운 상태	学会{move}	學會{move}	[dex.evo.knows] Condition part: knows a move (Ancient Power, Mimic...).	medium	
evo_knows_type	D	Knows a {type}-type move			Knows a {type}-type move	Connaît une capacité de type {type}	Kennt eine {type}-Attacke	Conoce un movimiento de tipo {type}	Conoce un movimiento de tipo {type}	Conhece um golpe do tipo {type}	{type} 타입 기술을 배운 상태	学会{type}属性的招式	學會{type}屬性的招式	[dex.evo.knowstype] Condition part (Eevee into Sylveon: a Fairy-type move). Move words as the mods (capacité / Attacke / movimiento / golpe / 기술 / 招式).	medium	
evo_with	D	{who} in the party			{who} in the party	{who} dans l’équipe	{who} im Team	{who} en el equipo	{who} en el equipo	{who} na equipe	지닌 포켓몬에 {who}	同行的宝可梦中有{who}	同行的寶可夢中有{who}	[dex.evo.with] Condition part (Mantyke with Remoraid). Party words as the mods (équipe / Team / equipo / equipe / 지닌 포켓몬 / 同行的宝可梦).	medium	
evo_type_in_party	D	{type}-type Pokémon in the party			{type}-type Pokémon in the party	Pokémon de type {type} dans l’équipe	{type}-Pokémon im Team	Pokémon de tipo {type} en el equipo	Pokémon de tipo {type} en el equipo	Pokémon do tipo {type} na equipe	지닌 포켓몬에 {type} 타입 포켓몬	同行的宝可梦中有{type}属性的宝可梦	同行的寶可夢中有{type}屬性的寶可夢	[dex.evo.typeparty] Condition part (Pancham: a Dark-type Pokémon in the party).	medium	
evo_random	D	Random			Random	Aléatoire	Zufällig	Aleatorio	Aleatorio	Aleatório	무작위	随机	隨機	[dex.evo.random] Condition part: Wurmple's branch is decided by its personality value.	medium	
evo_shedinja	D	Free party slot and {item} in the Bag			Free party slot and {item} in the Bag	Place libre dans l’équipe et {item} dans le Sac	Freier Platz im Team und {item} im Beutel	Hueco en el equipo y {item} en la Bolsa	Hueco en el equipo y {item} en la Bolsa	Espaço livre na equipe e {item} na Mochila	지닌 포켓몬에 빈자리, 가방에 {item}	同行的宝可梦有空位，包包里有{item}	同行的寶可夢有空位，包包裡有{item}	[dex.evo.shedinja] Shedinja appears when Nincada becomes Ninjask (the game's code, not EvolveTable). {item} = Poké Ball. Bag words as bag_in_bag.	medium	
evo_beauty	D	High Beauty			High Beauty	Beauté élevée	Hohe Schönheit	Belleza alta	Belleza alta	Beleza alta	아름다움이 높음	美丽高	美麗高	[dex.evo.beauty] Condition part (Feebas). The condition word is each mod's SS_status_96 (Beauté / Schönheit / Belleza / Beleza / 아름다움 / 美丽 / 美麗).	medium	
evo_trade	D	Trade			Trade	Échange	Tausch	Intercambio	Intercambio	Troca	통신교환	通信交换	通信交換	[dex.evo.trade] Condition part. LP replaces every trade evolution with an item; kept for other data.	high	
dex_area_none	C	Habitat Unknown	ss_pokedex	SS_pokedex_037	Habitat Unknown	Zone inconnue	Habitat unbekannt	Hábitat desconocido	Hábitat desconocido	Habitat desconhecido	서식지 불명	栖息地不明	棲息地不明	[dex.area.none] The Pokédex's own text (SS_pokedex_037) for a species with no wild encounter; pt-BR ships no common_msbt, so pt is ours.	high	en,fr,de,es-ES,es-419,ko,zh-Hans,zh-Hant
party_empty	D	You don’t have any Pokémon in your party yet.			You don’t have any Pokémon in your party yet.	Vous n’avez pas encore de Pokémon dans votre équipe.	Du hast noch keine Pokémon in deinem Team.	Aún no tienes Pokémon en tu equipo.	Aún no tienes Pokémon en tu equipo.	Você ainda não tem Pokémon na equipe.	아직 지닌 포켓몬이 없습니다.	你的同行队伍中还没有宝可梦。	你的同行隊伍中還沒有寶可夢。	Empty party, before receiving the starter; both LP and vanilla BD.	high
party_unavailable	D	Reading your party…			Reading your party…	Lecture de votre équipe…	Dein Team wird geladen…	Leyendo tu equipo…	Leyendo tu equipo…	Lendo sua equipe…	포켓몬을 읽는 중…	正在读取同行队伍……	正在讀取同行隊伍……	Party count is not readable yet; never treat missing data as an empty party.	high
cmd_continue	D	Continue			Continue	Continuer	Weiter	Continuar	Continuar	Continuar	계속	继续	繼續	Companion UI polish 0.3.0.	high
party_egg	D	Egg			Egg	Œuf	Ei	Huevo	Huevo	Ovo	알	蛋	蛋	Companion UI polish 0.3.0.	high
party_egg_info	D	An Egg. It will hatch when it is ready.			An Egg. It will hatch when it is ready.	Un Œuf. Il éclora quand il sera prêt.	Ein Ei. Es wird schlüpfen, wenn es so weit ist.	Un Huevo. Eclosionará cuando esté listo.	Un Huevo. Eclosionará cuando esté listo.	Um Ovo. Ele vai chocar quando estiver pronto.	알입니다. 때가 되면 부화합니다.	这是一颗蛋，时机成熟时就会孵化。	這是一顆蛋，時機成熟時就會孵化。	Companion UI polish 0.3.0.	high
party_touch_hint	D	Tap a Pokémon for details. Drag its card to swap places.			Tap a Pokémon for details. Drag its card to swap places.									Companion party inspection and explicit reorder controls.	high
party_reordered	D	Party positions swapped.			Party positions swapped.									Companion party inspection and explicit reorder controls.	high
party_popup_close	D	Close			Close									Companion party inspection and explicit reorder controls.	high
